,Precio
2016-08-20,10364.0582539
2016-08-21,10342.81299043
2016-08-22,10299.39267302
2016-08-23,10312.22942384
2016-08-24,10452.666073
2016-08-25,10460.95833911
2016-08-26,10451.73194405
2016-08-27,10885.54537399
2016-08-28,10868.86322047
2016-08-29,10842.92869593
2016-08-30,10840.21299027
2016-08-31,10750.51059899
2016-09-01,10686.01797358
2016-09-02,10409.37393706
2016-09-03,10473.48720009
2016-09-04,10413.42580576
2016-09-05,10454.01621766
2016-09-06,10440.05481261
2016-09-07,10443.45564537
2016-09-08,10318.56576373
2016-09-09,10005.30409192
2016-09-10,9749.32956561
2016-09-11,9523.4966324
2016-09-12,9658.39352351
2016-09-13,9659.75965197
2016-09-14,9740.92537472
2016-09-15,9744.03480929
2016-09-16,9700.48367351
2016-09-17,9732.44887478
2016-09-18,9603.27384311
2016-09-19,9608.6878124
2016-09-20,9618.29529874
2016-09-21,9626.41063471
2016-09-22,9687.91515162
2016-09-23,9721.32519518
2016-09-24,9778.66491029
2016-09-25,9633.24668835
2016-09-26,9682.38959987
2016-09-27,9677.06369243
2016-09-28,9680.62944326
2016-09-29,9742.23980549
2016-09-30,9825.30588088
2016-10-01,9687.24142343
2016-10-02,9760.81280046
2016-10-03,9798.97278622
2016-10-04,9777.48750192
2016-10-05,9821.49223942
2016-10-06,9864.16609371
2016-10-07,10148.23427524
2016-10-08,10260.73663318
2016-10-09,10059.69880736
2016-10-10,10155.54619772
2016-10-11,10152.12129025
2016-10-12,10052.16146719
2016-10-13,10083.64769594
2016-10-14,10329.65508731
2016-10-15,10279.42397977
2016-10-16,10273.2515526
2016-10-17,9607.84144153
2016-10-18,9603.79693693
2016-10-19,9516.85777283
2016-10-20,9394.89398921
2016-10-21,9455.94882809
2016-10-22,9373.82633345
2016-10-23,9202.78634215
2016-10-24,9154.95991765
2016-10-25,9156.15259288
2016-10-26,9193.35549871
2016-10-27,9271.64606582
2016-10-28,9180.77653769
2016-10-29,8985.54847818
2016-10-30,8992.69482483
2016-10-31,9138.67397001
2016-11-01,9127.1910677
2016-11-02,9242.29281395
2016-11-03,9118.52752382
2016-11-04,9124.86044504
2016-11-05,9017.78237076
2016-11-06,9109.17958982
2016-11-07,9175.77502021
2016-11-08,9179.71962325
2016-11-09,9184.18933037
2016-11-10,9215.69740195
2016-11-11,9175.91330628
2016-11-12,9430.49672335
2016-11-13,9336.63334625
2016-11-14,9292.05358352
2016-11-15,9277.43111123
2016-11-16,9263.60420348
2016-11-17,9375.74249475
2016-11-18,9304.19366868
2016-11-19,9188.16414071
2016-11-20,8818.32774649
2016-11-21,8859.40575544
2016-11-22,8871.90402001
2016-11-23,8880.33611819
2016-11-24,8829.73462273
2016-11-25,8882.14619239
2016-11-26,8716.20800443
2016-11-27,8725.76204431
2016-11-28,8665.0625075
2016-11-29,8665.0625075
2016-11-30,8658.05136119
2016-12-01,8731.53494124
2016-12-02,8853.63493826
2016-12-03,8903.06298594
2016-12-04,8894.1313472
2016-12-05,8793.87640646
2016-12-06,8733.73160724
2016-12-07,9088.23815479
2016-12-08,8873.97336835
2016-12-09,9020.37571806
2016-12-10,9088.64662089
2016-12-11,9111.50475033
2016-12-12,9126.90184104
2016-12-13,9126.90184104
2016-12-14,9122.51048081
2016-12-15,9105.17354611
2016-12-16,9276.35995387
2016-12-17,9285.19045651
2016-12-18,9302.30796324
2016-12-19,9258.26062014
2016-12-20,9258.26062014
2016-12-21,9285.25370702
2016-12-22,9282.53724342
2016-12-23,9441.31571803
2016-12-24,9473.46892016
2016-12-25,9397.31158323
2016-12-26,9350.16764144
2016-12-27,9350.16764144
2016-12-28,9387.54395939
2016-12-29,9419.491447
2016-12-30,9393.72663933
2016-12-31,9303.15505966
2017-01-01,9249.45297564
2017-01-02,9440.61886847
2017-01-03,9440.61886847
2017-01-04,9421.21706575
2017-01-05,9428.81445472
2017-01-06,9575.84175426
2017-01-07,9710.04154614
2017-01-08,9685.08108544
2017-01-09,9704.56714023
2017-01-10,9704.56714023
2017-01-11,9736.54258483
2017-01-12,9746.41980894
2017-01-13,9753.64339252
2017-01-14,9752.9156533
2017-01-15,9702.60253919
2017-01-16,9898.58463414
2017-01-17,9898.58463414
2017-01-18,10057.28194015
2017-01-19,9872.02319594
2017-01-20,10096.34724135
2017-01-21,10024.17679729
2017-01-22,10023.0584948
2017-01-23,10051.74957006
2017-01-24,10051.74957006
2017-01-25,10034.41526228
2017-01-26,10041.97382006
2017-01-27,10115.4819673
2017-01-28,9971.7246312
2017-01-29,10215.13648083
2017-01-30,10234.3323723
2017-01-31,10284.68252924
2017-02-01,10283.80924409
2017-02-02,10205.13996026
2017-02-03,10222.18763014
2017-02-04,10232.68870901
2017-02-05,9976.61096532
2017-02-06,10012.25104752
2017-02-07,9932.6890762
2017-02-08,9891.86987096
2017-02-09,9968.92150159
2017-02-10,9805.72496592
2017-02-11,9669.36829909
2017-02-12,9396.22114914
2017-02-13,9513.60037704
2017-02-14,9513.60037704
2017-02-15,9500.67423609
2017-02-16,9527.64375087
2017-02-17,9457.76312214
2017-02-18,9711.1306769
2017-02-19,9578.86390827
2017-02-20,9726.17282064
2017-02-21,9726.17282064
2017-02-22,9738.26102903
2017-02-23,9623.32265939
2017-02-24,9767.85277512
2017-02-25,9809.16040663
2017-02-26,9783.9264179
2017-02-27,9876.33687915
2017-02-28,9876.33687915
2017-03-01,9894.70348974
2017-03-02,10012.84163771
2017-03-03,10063.62951992
2017-03-04,10113.09841476
2017-03-05,10043.72558296
2017-03-06,10178.39502567
2017-03-07,10178.39502567
2017-03-08,10153.60438371
2017-03-09,10167.08835196
2017-03-10,10120.2474593
2017-03-11,10134.82131014
2017-03-12,10249.9704872
2017-03-13,10045.00758152
2017-03-14,10045.00758152
2017-03-15,10056.27445942
2017-03-16,9995.17443102
2017-03-17,10223.61964263
2017-03-18,10323.09918104
2017-03-19,10337.23964588
2017-03-20,10353.92906359
2017-03-21,10353.92906359
2017-03-22,10398.17124859
2017-03-23,10246.88248589
2017-03-24,10158.67935326
2017-03-25,10115.6909977
2017-03-26,10056.10862856
2017-03-27,9949.26578602
2017-03-28,9949.26578602
2017-03-29,9789.87643367
2017-03-30,9967.83968552
2017-03-31,9769.89099554
2017-04-01,9710.68266174
2017-04-02,9682.71798051
2017-04-03,9639.95348992
2017-04-04,9639.95348992
2017-04-05,9574.77887699
2017-04-06,9468.31396049
2017-04-07,9394.79843999
2017-04-08,9271.8801533
2017-04-09,9089.61610751
2017-04-10,9111.64199075
2017-04-11,9111.64199075
2017-04-12,9190.97052561
2017-04-13,9146.03317068
2017-04-14,9094.77506467
2017-04-15,9128.97725691
2017-04-16,9226.24017951
2017-04-17,9259.66677746
2017-04-18,9259.66677746
2017-04-19,9266.52444816
2017-04-20,9402.53488656
2017-04-21,9491.76600201
2017-04-22,9516.74446646
2017-04-23,9503.77715515
2017-04-24,9581.77510053
2017-04-25,9581.77510053
2017-04-26,9583.62949093
2017-04-27,9851.12984124
2017-04-28,9794.45696655
2017-04-29,9977.60221021
2017-04-30,10016.91357149
2017-05-01,10282.11462089
2017-05-02,10282.11462089
2017-05-03,10278.36364216
2017-05-04,10134.99076459
2017-05-05,9948.1814893
2017-05-06,9899.8891493
2017-05-07,9821.37944852
2017-05-08,9903.7498031
2017-05-09,9903.7498031
2017-05-10,9927.46206297
2017-05-11,9991.63026961
2017-05-12,10028.72772862
2017-05-13,9958.09597557
2017-05-14,9905.47233159
2017-05-15,9758.63146817
2017-05-16,9758.63146817
2017-05-17,9743.84069163
2017-05-18,9601.82328408
2017-05-19,9617.0638117
2017-05-20,9665.30749571
2017-05-21,9547.11916426
2017-05-22,9495.47500882
2017-05-23,9495.47500882
2017-05-24,9473.49294769
2017-05-25,9482.9971542
2017-05-26,9375.27375582
2017-05-27,9393.32602105
2017-05-28,9465.75757649
2017-05-29,9474.66494258
2017-05-30,9474.66494258
2017-05-31,9443.55624758
2017-06-01,9417.96098786
2017-06-02,9535.44636524
2017-06-03,9563.77749378
2017-06-04,9435.39199221
2017-06-05,9410.06827304
2017-06-06,9410.06827304
2017-06-07,9413.60926963
2017-06-08,9147.52672439
2017-06-09,9140.6526778
2017-06-10,9103.21076745
2017-06-11,8977.72051836
2017-06-12,8962.60486841
2017-06-13,8969.93406323
2017-06-14,8901.45092565
2017-06-15,8837.16745261
2017-06-16,8964.03348296
2017-06-17,9069.09098106
2017-06-18,8970.59186843
2017-06-19,9128.73420071
2017-06-20,9128.73420071
2017-06-21,9161.04541823
2017-06-22,9237.51023955
2017-06-23,9315.83162205
2017-06-24,9295.82136721
2017-06-25,9278.4766765
2017-06-26,9483.64351704
2017-06-27,9483.64351704
2017-06-28,9430.02217415
2017-06-29,9468.11280419
2017-06-30,9423.65248239
2017-07-01,9520.15848778
2017-07-02,9508.64995631
2017-07-03,9569.09302997
2017-07-04,9569.09302997
2017-07-05,9552.45281454
2017-07-06,9597.2409605
2017-07-07,9530.72552599
2017-07-08,9477.268252
2017-07-09,9553.34801223
2017-07-10,9355.58323889
2017-07-11,9355.58323889
2017-07-12,9428.22484251
2017-07-13,9381.01150265
2017-07-14,9582.11920949
2017-07-15,9699.2525417
2017-07-16,9822.36038482
2017-07-17,9847.36827647
2017-07-18,9847.36827647
2017-07-19,9863.10559862
2017-07-20,9792.28330182
2017-07-21,9659.83423386
2017-07-22,9830.6979562
2017-07-23,9795.84544803
2017-07-24,9783.8741079
2017-07-25,9783.8741079
2017-07-26,9769.38583533
2017-07-27,9746.65822129
2017-07-28,9776.24557921
2017-07-29,9789.84040553
2017-07-30,9779.80678017
2017-07-31,9848.90113618
2017-08-01,9848.90113618
2017-08-02,9761.4360223
2017-08-03,10034.1782074
2017-08-04,10107.54734131
2017-08-05,10029.59521538
2017-08-06,10055.37088512
2017-08-07,10269.95868513
2017-08-08,10269.95868513
2017-08-09,10332.48554673
2017-08-10,10335.16398884
2017-08-11,10268.36967015
2017-08-12,10295.13341609
2017-08-13,10458.15276678
2017-08-14,10418.6900864
2017-08-15,10418.6900864
2017-08-16,10349.76293406
2017-08-17,10277.28516796
2017-08-18,10311.29418426
2017-08-19,10300.01737317
2017-08-20,10229.27184492
2017-08-21,10144.93758307
2017-08-22,10144.93758307
2017-08-23,10135.36930031
2017-08-24,9883.67382603
2017-08-25,9959.35666045
2017-08-26,9830.4045802
2017-08-27,9773.2852388
2017-08-28,9784.41777225
2017-08-29,9784.41777225
2017-08-30,9770.6561057
2017-08-31,9907.20697577
2017-09-01,9670.04021344
2017-09-02,9588.290865
2017-09-03,9641.61819217
2017-09-04,9524.91903359
2017-09-05,9524.91903359
2017-09-06,9515.84625596
2017-09-07,9475.44476777
2017-09-08,9566.76621647
2017-09-09,9518.08665755
2017-09-10,9550.14833477
2017-09-11,9629.01173166
2017-09-12,9626.06828997
2017-09-13,9681.36235021
2017-09-14,9787.70956832
2017-09-15,9805.44787746
2017-09-16,9857.55595148
2017-09-17,9930.4355456
2017-09-18,9974.49334377
2017-09-19,9974.49334377
2017-09-20,9952.70999375
2017-09-21,9832.97402666
2017-09-22,9741.36011416
2017-09-23,9628.84362322
2017-09-24,9773.05882062
2017-09-25,9714.36096399
2017-09-26,9714.36096399
2017-09-27,9732.50972441
2017-09-28,9734.75841452
2017-09-29,9625.91686256
2017-09-30,9635.64398824
2017-10-01,9565.07825531
2017-10-02,9616.18535831
2017-10-03,9616.18535831
2017-10-04,9563.61755043
2017-10-05,9587.23116857
2017-10-06,9529.96150155
2017-10-07,9777.20875275
2017-10-08,9749.57001058
2017-10-09,9628.87569458
2017-10-10,9628.87569458
2017-10-11,9641.60787226
2017-10-12,9742.95467599
2017-10-13,9661.91805841
2017-10-14,9725.36288837
2017-10-15,9729.54773421
2017-10-16,9602.51826806
2017-10-17,9602.51826806
2017-10-18,9626.22836021
2017-10-19,9665.13940661
2017-10-20,9654.38279331
2017-10-21,9732.39253544
2017-10-22,9700.72420824
2017-10-23,9827.15855067
2017-10-24,9841.31934458
2017-10-25,9796.63488985
2017-10-26,9666.06813559
2017-10-27,9616.32684179
2017-10-28,9667.70609539
2017-10-29,9700.1500123
2017-10-30,9636.23598975
2017-10-31,9636.23598975
2017-11-01,9606.73390697
2017-11-02,9667.14306865
2017-11-03,9589.51000669
2017-11-04,9370.78745871
2017-11-05,9252.64561431
2017-11-06,9317.26695462
2017-11-07,9317.26695462
2017-11-08,9284.0655499
2017-11-09,9247.14578293
2017-11-10,9155.6000006
2017-11-11,9073.19904641
2017-11-12,8931.5905116
2017-11-13,8967.55537668
2017-11-14,8967.55537668
2017-11-15,8933.01296961
2017-11-16,8956.37202102
2017-11-17,8920.11840964
2017-11-18,9031.82549798
2017-11-19,9022.51614682
2017-11-20,9102.78432443
2017-11-21,9102.78432443
2017-11-22,9102.2802244
2017-11-23,9135.14788336
2017-11-24,9105.845768
2017-11-25,9143.11858065
2017-11-26,9150.4208739
2017-11-27,9260.44218622
2017-11-28,9260.44218622
2017-11-29,9280.09563042
2017-11-30,9274.50982374
2017-12-01,9330.38821541
2017-12-02,9450.64651599
2017-12-03,9526.73714304
2017-12-04,9576.00362329
2017-12-05,9576.00362329
2017-12-06,9570.65595426
2017-12-07,9592.77442457
2017-12-08,9677.47985188
2017-12-09,9644.76696427
2017-12-10,9731.62535613
2017-12-11,9778.88937779
2017-12-12,9778.88937779
2017-12-13,9757.56697619
2017-12-14,9717.76291535
2017-12-15,9598.00061264
2017-12-16,9680.35860222
2017-12-17,9610.86666913
2017-12-18,9711.73803412
2017-12-19,9711.73803412
2017-12-20,9773.35324723
2017-12-21,9826.94964409
2017-12-22,9666.2155599
2017-12-23,9657.93146372
2017-12-24,9663.44778295
2017-12-25,9689.24153328
2017-12-26,9689.24153328
2017-12-27,9687.00263931
2017-12-28,9652.94620285
2017-12-29,9612.2277109
2017-12-30,9927.50364824
2017-12-31,9922.87404543
2018-01-01,9899.68641945
2018-01-02,9899.68641945
2018-01-03,9929.99348126
2018-01-04,9782.23501532
2018-01-05,9783.24610452
2018-01-06,9862.44327157
2018-01-07,9773.93979516
2018-01-08,9491.22500301
2018-01-09,9491.22500301
2018-01-10,9568.62696033
2018-01-11,9689.27545478
2018-01-12,9554.80608962
2018-01-13,9347.77877403
2018-01-14,9382.3377193
2018-01-15,9374.64211394
2018-01-16,9374.64211394
2018-01-17,9453.65376619
2018-01-18,9513.56594758
2018-01-19,9529.03452126
2018-01-20,9667.2230864
2018-01-21,9620.667323
2018-01-22,9495.19556096
2018-01-23,9495.19556096
2018-01-24,9581.20816751
2018-01-25,9462.44503933
2018-01-26,9364.55321298
2018-01-27,9422.08998255
2018-01-28,9441.61842004
2018-01-29,9427.70218444
2018-01-30,9435.05917327
2018-01-31,9527.24788595
2018-02-01,9481.6709509
2018-02-02,9340.85227158
2018-02-03,9349.33648311
2018-02-04,9370.05260905
2018-02-05,9399.30974802
2018-02-06,9399.30974802
2018-02-07,9453.85770181
2018-02-08,9334.2263166
2018-02-09,9513.5402681
2018-02-10,9430.1074585
2018-02-11,9357.02661772
2018-02-12,9462.23346773
2018-02-13,9462.23346773
2018-02-14,9447.90369397
2018-02-15,9379.23460905
2018-02-16,9419.7524416
2018-02-17,9437.98202159
2018-02-18,9368.93516171
2018-02-19,9290.6969108
2018-02-20,9290.6969108
2018-02-21,9294.70898548
2018-02-22,9242.26246566
2018-02-23,9264.12215621
2018-02-24,9327.2638368
2018-02-25,9355.35614921
2018-02-26,9385.44821909
2018-02-27,9377.8303344
2018-02-28,9404.82961222
2018-03-01,9453.12905262
2018-03-02,9382.32907492
2018-03-03,9256.38752416
2018-03-04,9283.79365132
2018-03-05,9282.15762058
2018-03-06,9282.15762058
2018-03-07,9315.25344952
2018-03-08,9382.14313571
2018-03-09,9321.6787345
2018-03-10,9239.6366657
2018-03-11,9296.86345739
2018-03-12,9287.82725565
2018-03-13,9287.82725565
2018-03-14,9305.54180118
2018-03-15,9314.35536381
2018-03-16,9384.67379498
2018-03-17,9451.35727982
2018-03-18,9372.46440027
2018-03-19,9448.25990408
2018-03-20,9448.25990408
2018-03-21,9443.8727347
2018-03-22,9410.29875688
2018-03-23,9484.68201074
2018-03-24,9720.45825567
2018-03-25,9738.42809671
2018-03-26,9679.90249265
2018-03-27,9661.3216631
2018-03-28,9675.73682092
2018-03-29,9451.61504442
2018-03-30,9424.45781355
2018-03-31,9402.2892176
2018-04-01,9339.09593784
2018-04-02,9344.76982564
2018-04-03,9344.76982564
2018-04-04,9285.25873798
2018-04-05,9228.7370349
2018-04-06,9253.9353816
2018-04-07,9314.44683692
2018-04-08,9308.55979689
2018-04-09,9359.409835
2018-04-10,9342.06105932
2018-04-11,9379.76231679
2018-04-12,9305.56591901
2018-04-13,9322.07202302
2018-04-14,9369.10060584
2018-04-15,9444.07502315
2018-04-16,9442.76064819
2018-04-17,9442.76064819
2018-04-18,9467.41621969
2018-04-19,9404.17877209
2018-04-20,9233.91544285
2018-04-21,9256.18627807
2018-04-22,9298.85899353
2018-04-23,9298.834674
2018-04-24,9291.71259211
2018-04-25,9284.68643279
2018-04-26,9280.11444767
2018-04-27,9375.21760479
2018-04-28,9296.21288403
2018-04-29,9390.05062498
2018-04-30,9332.93290445
2018-05-01,9332.93290445
2018-05-02,9345.57011196
2018-05-03,9328.57648136
2018-05-04,9278.78582224
2018-05-05,9330.72547616
2018-05-06,9288.38364127
2018-05-07,9295.46433743
2018-05-08,9295.46433743
2018-05-09,9333.33567719
2018-05-10,9337.2161128
2018-05-11,9388.23425661
2018-05-12,9437.25975573
2018-05-13,9490.33187518
2018-05-14,9519.02715771
2018-05-15,9484.71058458
2018-05-16,9549.7663239
2018-05-17,9589.41501665
2018-05-18,9583.48982241
2018-05-19,9610.09055109
2018-05-20,9746.16061539
2018-05-21,9391.16753959
2018-05-22,9391.16753959
2018-05-23,9370.8046167
2018-05-24,9366.56160843
2018-05-25,9220.29726824
2018-05-26,9217.38913497
2018-05-27,9255.32323484
2018-05-28,9329.21836789
2018-05-29,9329.21836789
2018-05-30,9280.05240183
2018-05-31,9203.12875759
2018-06-01,9220.40487731
2018-06-02,9153.12656084
2018-06-03,9140.78192845
2018-06-04,9125.33506046
2018-06-05,9125.33506046
2018-06-06,9061.62679614
2018-06-07,8968.79849879
2018-06-08,9103.1404327
2018-06-09,9098.0559475
2018-06-10,9055.65570843
2018-06-11,9094.88172832
2018-06-12,9094.88172832
2018-06-13,9102.54148339
2018-06-14,9168.37448511
2018-06-15,9029.62438056
2018-06-16,8999.70286663
2018-06-17,9051.18153967
2018-06-18,8966.33194234
2018-06-19,8966.33194234
2018-06-20,8940.6328251
2018-06-21,8971.452387
2018-06-22,8843.71403589
2018-06-23,8769.32191685
2018-06-24,8674.43180907
2018-06-25,8804.86080786
2018-06-26,8804.86080786
2018-06-27,8737.70590353
2018-06-28,8740.41243645
2018-06-29,8796.98048086
2018-06-30,8818.72370216
2018-07-01,8804.3343087
2018-07-02,8792.46766277
2018-07-03,8792.46766277
2018-07-04,8721.98229687
2018-07-05,8748.00332165
2018-07-06,8779.09351923
2018-07-07,8761.83931952
2018-07-08,8687.8595919
2018-07-09,8746.08110958
2018-07-10,8746.08110958
2018-07-11,8785.48322057
2018-07-12,8688.05167802
2018-07-13,8741.26060049
2018-07-14,8763.92446355
2018-07-15,8747.42098757
2018-07-16,8688.50722422
2018-07-17,8688.50722422
2018-07-18,8719.30487616
2018-07-19,8516.86186718
2018-07-20,8527.34985906
2018-07-21,8360.11457595
2018-07-22,8371.92658557
2018-07-23,8394.60170359
2018-07-24,8394.60170359
2018-07-25,8343.08363892
2018-07-26,8399.6693027
2018-07-27,8355.3773084
2018-07-28,8312.72441166
2018-07-29,8276.17300684
2018-07-30,8390.29509008
2018-07-31,8390.29509008
2018-08-01,8392.69311143
2018-08-02,8404.46433876
2018-08-03,8401.2687408
2018-08-04,8327.79480569
2018-08-05,8337.6556339
2018-08-06,8317.38851109
2018-08-07,8317.38851109
2018-08-08,8321.10611941
2018-08-09,8311.09500861
2018-08-10,8144.81074154
2018-08-11,8159.3444642
2018-08-12,8219.85264805
2018-08-13,8289.54218024
2018-08-14,8289.54218024
2018-08-15,8295.71053246
2018-08-16,8240.03201246
2018-08-17,8198.39832548
2018-08-18,8245.99514893
2018-08-19,8254.62090422
2018-08-20,8160.31574337
2018-08-21,8160.31574337
2018-08-22,8231.24471335
2018-08-23,8194.89797022
2018-08-24,8206.988407
2018-08-25,8289.93752377
2018-08-26,8292.30017833
2018-08-27,8274.07063869
2018-08-28,8270.63913805
2018-08-29,8233.64925559
2018-08-30,8251.94042692
2018-08-31,8391.22725979
2018-09-01,8373.47699417
2018-09-02,8285.07241748
2018-09-03,8487.24071476
2018-09-04,8487.24071476
2018-09-05,8441.96816601
2018-09-06,8445.35810669
2018-09-07,8588.43770408
2018-09-08,8495.32365461
2018-09-09,8476.06170957
2018-09-10,8551.28492432
2018-09-11,8525.39411275
2018-09-12,8452.40982788
2018-09-13,8441.36885918
2018-09-14,8406.54037798
2018-09-15,8421.39392672
2018-09-16,8617.39307162
2018-09-17,8673.63935184
2018-09-18,8673.63935184
2018-09-19,8718.19453341
2018-09-20,8732.40102933
2018-09-21,8683.74118169
2018-09-22,8669.62892852
2018-09-23,8658.31452728
2018-09-24,8677.87205746
2018-09-25,8677.87205746
2018-09-26,8667.12920507
2018-09-27,8654.67714546
2018-09-28,8781.55486251
2018-09-29,8774.49442554
2018-09-30,8724.76081783
2018-10-01,8767.36148387
2018-10-02,8767.36148387
2018-10-03,8713.71213987
2018-10-04,8676.23702957
2018-10-05,8588.41934158
2018-10-06,8694.86753999
2018-10-07,8912.80708803
2018-10-08,9034.96203061
2018-10-09,9034.96203061
2018-10-10,9053.63263577
2018-10-11,8969.75948462
2018-10-12,8996.57122188
2018-10-13,9128.04314953
2018-10-14,9007.01428186
2018-10-15,8798.70752847
2018-10-16,8798.70752847
2018-10-17,8843.55180661
2018-10-18,8762.47759475
2018-10-19,8693.30369978
2018-10-20,8713.12470226
2018-10-21,8804.5252878
2018-10-22,8858.33541209
2018-10-23,8675.00033491
2018-10-24,8671.28246063
2018-10-25,8672.39757061
2018-10-26,8630.59458185
2018-10-27,8704.01083223
2018-10-28,8725.78352928
2018-10-29,8581.66771293
2018-10-30,8589.2267349
2018-10-31,8620.79143813
2018-11-01,8629.52745439
2018-11-02,8570.10788538
2018-11-03,8586.82145311
2018-11-04,8575.84964758
2018-11-05,8485.07810781
2018-11-06,8522.88939007
2018-11-07,8588.49669701
2018-11-08,8633.50805875
2018-11-09,8711.49592508
2018-11-10,8661.72158159
2018-11-11,8634.57995902
2018-11-12,8754.84684029
2018-11-13,8754.84684029
2018-11-14,8711.70348542
2018-11-15,8727.02056988
2018-11-16,8742.55970312
2018-11-17,8791.32421941
2018-11-18,8790.75800835
2018-11-19,8690.36498238
2018-11-20,8690.36498238
2018-11-21,8680.77869257
2018-11-22,8766.11962762
2018-11-23,8774.3551531
2018-11-24,8693.39380959
2018-11-25,8827.67111798
2018-11-26,8755.13348391
2018-11-27,8755.13348391
2018-11-28,8850.92790095
2018-11-29,8840.03043581
2018-11-30,8883.07744384
2018-12-01,9025.56551113
2018-12-02,9138.87661999
2018-12-03,9198.39399381
2018-12-04,9198.39399381
2018-12-05,9264.07705798
2018-12-06,9341.48807965
2018-12-07,9292.69140369
2018-12-08,9410.10417369
2018-12-09,9514.47993311
2018-12-10,9490.85193335
2018-12-11,9490.85193335
2018-12-12,9536.4145766
2018-12-13,9389.56169824
2018-12-14,9459.61270971
2018-12-15,9559.78054934
2018-12-16,9506.85024664
2018-12-17,9444.45261948
2018-12-18,9444.45261948
2018-12-19,9490.64594961
2018-12-20,9483.27003274
2018-12-21,9392.28074996
2018-12-22,9356.73844436
2018-12-23,9318.62340563
2018-12-24,9181.52846078
2018-12-25,9181.52846078
2018-12-26,9188.86132851
2018-12-27,9103.12856472
2018-12-28,9196.57664283
2018-12-29,9214.92574425
2018-12-30,9234.25506
2018-12-31,9508.52057014
2019-01-01,9466.97601369
2019-01-02,9487.71931754
2019-01-03,9503.4817634
2019-01-04,9668.6123358
2019-01-05,9716.70967958
2019-01-06,9760.45336464
2019-01-07,9689.43630354
2019-01-08,9689.43630354
2019-01-09,9665.79277441
2019-01-10,9702.35444999
2019-01-11,9711.44281715
2019-01-12,9623.45173714
2019-01-13,9586.81184367
2019-01-14,9691.13481259
2019-01-15,9694.45935499
2019-01-16,9663.51205751
2019-01-17,9581.25117963
2019-01-18,9610.40689496
2019-01-19,9568.84617454
2019-01-20,9464.50822555
2019-01-21,9609.66540345
2019-01-22,9609.66540345
2019-01-23,9611.72542772
2019-01-24,9631.05192518
2019-01-25,9765.34886896
2019-01-26,9749.02605356
2019-01-27,9645.82134306
2019-01-28,9693.32625123
2019-01-29,9689.99932226
2019-01-30,9713.56683761
2019-01-31,9680.76875818
2019-02-01,9663.19709586
2019-02-02,9593.71246813
2019-02-03,9476.79055529
2019-02-04,9227.07829444
2019-02-05,9227.07829444
2019-02-06,9279.95215042
2019-02-07,9184.09242078
2019-02-08,9151.45641978
2019-02-09,9123.41097873
2019-02-10,9122.59255834
2019-02-11,9328.66830231
2019-02-12,9328.66830231
2019-02-13,9304.2563962
2019-02-14,9342.38444508
2019-02-15,9379.47461217
2019-02-16,9307.71758905
2019-02-17,9200.54120413
2019-02-18,9196.31198928
2019-02-19,9196.31198928
2019-02-20,9191.56244673
2019-02-21,9223.74752134
2019-02-22,9167.7871945
2019-02-23,9285.35225306
2019-02-24,9261.05010705
2019-02-25,9256.10404993
2019-02-26,9239.70964737
2019-02-27,9274.9436973
2019-02-28,9381.38078337
2019-03-01,9379.86635238
2019-03-02,9287.80237351
2019-03-03,9056.85562401
2019-03-04,9110.67305814
2019-03-05,9110.67305814
2019-03-06,9134.16665295
2019-03-07,9055.12837596
2019-03-08,9073.64391521
2019-03-09,9086.86496382
2019-03-10,9114.54694131
2019-03-11,9114.27204646
2019-03-12,9114.27204646
2019-03-13,9194.98926443
2019-03-14,9242.86558268
2019-03-15,9198.94460255
2019-03-16,9184.61536592
2019-03-17,9023.87162736
2019-03-18,9009.95987587
2019-03-19,9008.89565846
2019-03-20,9018.05783066
2019-03-21,8976.20911335
2019-03-22,9002.25888941
2019-03-23,8949.34623155
2019-03-24,8902.46189225
2019-03-25,8902.46189225
2019-03-26,8902.46189225
2019-03-27,8930.86128974
2019-03-28,8905.78324259
2019-03-29,8800.31114082
2019-03-30,8938.62217273
2019-03-31,9005.48718502
2019-04-01,9050.08281821
2019-04-02,9026.51281616
2019-04-03,9025.64139092
2019-04-04,8942.24745548
2019-04-05,8892.97934293
2019-04-06,8761.52080179
2019-04-07,8728.96046172
2019-04-08,8889.3770786
2019-04-09,8889.3770786
2019-04-10,8824.60255937
2019-04-11,8837.04713097
2019-04-12,8900.19529485
2019-04-13,8842.69637804
2019-04-14,8774.35828924
2019-04-15,8792.65260851
2019-04-16,8792.65260851
2019-04-17,8746.91952019
2019-04-18,8803.30449866
2019-04-19,8794.3296182
2019-04-20,8777.76641995
2019-04-21,8617.04346342
2019-04-22,8547.3793636
2019-04-23,8547.3793636
2019-04-24,8463.12004443
2019-04-25,8450.18903209
2019-04-26,8462.75116996
2019-04-27,8485.02604546
2019-04-28,8534.7604933
2019-04-29,8526.28120439
2019-04-30,8526.28120439
2019-05-01,8679.39799604
2019-05-02,8612.15991786
2019-05-03,8511.17913146
2019-05-04,8485.85785146
2019-05-05,8540.61286059
2019-05-06,8557.81884015
2019-05-07,8557.81884015
2019-05-08,8575.27515471
2019-05-09,8585.59765672
2019-05-10,8695.54390409
2019-05-11,8742.64115381
2019-05-12,8728.2108348
2019-05-13,8804.16414287
2019-05-14,8804.16414287
2019-05-15,8730.41482142
2019-05-16,8694.38950951
2019-05-17,8733.79645836
2019-05-18,8710.64368341
2019-05-19,8771.03334914
2019-05-20,8715.99841503
2019-05-21,8730.04879275
2019-05-22,8755.87331845
2019-05-23,8682.80551901
2019-05-24,8769.5051383
2019-05-25,8896.14712433
2019-05-26,9068.22031876
2019-05-27,8939.42043425
2019-05-28,8939.42043425
2019-05-29,8913.26504946
2019-05-30,9058.76349019
2019-05-31,8897.06483813
2019-06-01,8904.58679769
2019-06-02,8932.6906468
2019-06-03,8928.70875372
2019-06-04,8928.70875372
2019-06-05,8879.11495262
2019-06-06,8861.0775271
2019-06-07,8885.18396491
2019-06-08,8852.5938085
2019-06-09,8838.08589064
2019-06-10,8733.53912083
2019-06-11,8733.53912083
2019-06-12,8774.84459563
2019-06-13,8762.47993332
2019-06-14,8770.8069505
2019-06-15,8891.07022936
2019-06-16,8829.52146025
2019-06-17,8835.16620076
2019-06-18,8835.16620076
2019-06-19,8814.87323974
2019-06-20,8904.75612744
2019-06-21,8991.7485254
2019-06-22,9248.49907253
2019-06-23,9417.82434329
2019-06-24,9344.19574575
2019-06-25,9454.68381212
2019-06-26,9468.56377072
2019-06-27,9413.04366818
2019-06-28,9400.14432919
2019-06-29,9400.14432919
2019-06-30,9404.36385885
2019-07-01,9430.7572313
2019-07-02,9422.17641236
2019-07-03,9255.18698823
2019-07-04,9246.99194353
2019-07-05,9253.3755663
2019-07-06,9253.3755663
2019-07-07,9406.31784353
2019-07-08,9381.1614277
2019-07-09,9576.62402027
2019-07-10,9795.54702868
2019-07-11,9793.79730765
2019-07-12,9681.76653872
2019-07-13,9681.76653872
2019-07-14,9655.13916831
2019-07-15,9899.75232967
2019-07-16,9753.13264323
2019-07-17,9934.80055295
2019-07-18,9876.96435891
2019-07-19,9807.04488118
2019-07-20,9807.04488118
2019-07-21,9670.74109605
2019-07-22,9596.86652775
2019-07-23,9655.93041359
2019-07-24,9652.95386069
2019-07-25,9598.76652475
2019-07-26,9871.12124821
2019-07-27,9871.12124821
2019-07-28,9886.06491419
2019-07-29,10040.72994364
2019-07-30,10321.19273284
2019-07-31,10449.37047051
2019-08-01,10380.60044198
2019-08-02,10448.37346314
2019-08-03,10448.37346314
2019-08-04,10488.32197534
2019-08-05,10486.27421071
2019-08-06,11008.61537759
2019-08-07,10732.80756051
2019-08-08,10701.24738607
2019-08-09,10519.31863762
2019-08-10,10416.90450167
2019-08-11,10454.09088837
2019-08-12,10326.10334031
2019-08-13,10466.80598122
2019-08-14,10419.27855062
2019-08-15,10388.44248675
2019-08-16,10053.8357987
2019-08-17,10053.8357987
2019-08-18,10309.95433121
2019-08-19,10290.62051743
2019-08-20,10326.39498802
2019-08-21,10237.80472667
2019-08-22,10363.28740744
2019-08-23,10415.6333875
2019-08-24,10415.6333875
2019-08-25,10605.99413445
2019-08-26,10772.18140323
2019-08-27,10735.57074688
2019-08-28,10497.2197453
2019-08-29,10419.80124559
2019-08-30,10214.55214034
2019-08-31,10212.78199405
2019-09-01,10137.13945107
2019-09-02,9892.18369608
2019-09-03,9975.94336862
2019-09-04,10177.08947335
2019-09-05,10224.42573996
2019-09-06,10203.03007374
2019-09-07,10206.92646586
2019-09-08,10205.14799992
2019-09-09,10148.1643339
2019-09-10,10364.63913702
2019-09-11,10372.63178425
2019-09-12,10213.95832359
2019-09-13,10210.4409793
2019-09-14,10210.4409793
2019-09-15,10241.82296127
2019-09-16,10303.92356658
2019-09-17,10151.32710519
2019-09-18,10073.02796534
2019-09-19,10178.19424427
2019-09-20,10195.5736956
2019-09-21,10195.5736956
2019-09-22,10190.36677213
2019-09-23,10219.21385099
2019-09-24,10216.8841436
2019-09-25,10229.6441034
2019-09-26,10421.98498264
2019-09-27,10538.03538199
2019-09-28,10538.03538199
2019-09-29,10559.4362807
2019-09-30,10360.50892882
2019-10-01,10311.36903795
2019-10-02,10377.15254514
2019-10-03,10506.86214876
2019-10-04,10546.10196626
2019-10-05,10546.10196626
2019-10-06,10538.11291249
2019-10-07,10553.14014847
2019-10-08,10341.01021893
2019-10-09,10333.53593567
2019-10-10,9998.70630686
2019-10-11,9833.86470191
2019-10-12,9833.86470191
2019-10-13,9876.7643423
2019-10-14,9871.46792106
2019-10-15,9869.70532832
2019-10-16,9929.44184135
2019-10-17,9876.00287583
2019-10-18,9870.09972162
2019-10-19,9870.09972162
2019-10-20,9821.09489385
2019-10-21,9875.77638978
2019-10-22,9925.33901669
2019-10-23,9884.45359189
2019-10-24,9885.19633068
2019-10-25,9830.84948753
2019-10-26,9830.84948753
2019-10-27,9723.53007642
2019-10-28,9661.26747828
2019-10-29,9699.2771736
2019-10-30,9542.4703748
2019-10-31,9518.26828575
2019-11-01,9568.38868078
2019-11-02,9551.64781508
2019-11-03,9502.57443366
2019-11-04,9397.76521839
2019-11-05,9673.61294202
2019-11-06,9536.14960856
2019-11-07,9610.4290775
2019-11-08,9385.11032159
2019-11-09,9385.11032159
2019-11-10,9416.49192658
2019-11-11,9438.65417127
2019-11-12,9450.74289923
2019-11-13,9579.82285906
2019-11-14,9584.88168456
2019-11-15,9629.37802919
2019-11-16,9629.37802919
2019-11-17,9686.40950074
2019-11-18,9678.87650957
2019-11-19,9653.94642237
2019-11-20,9647.55883299
2019-11-21,9652.19011264
2019-11-22,9763.99960516
2019-11-23,9763.99960516
2019-11-24,9810.54192122
2019-11-25,9940.06273557
2019-11-26,10054.30587197
2019-11-27,10154.35198796
2019-11-28,10126.34338511
2019-11-29,10092.17200914
2019-11-30,10092.17200914
2019-12-01,10148.3828802
2019-12-02,10327.13201357
2019-12-03,10249.13011245
2019-12-04,10210.55692961
2019-12-05,10354.50637296
2019-12-06,10300.74130923
2019-12-07,10300.74130923
2019-12-08,10494.607387
2019-12-09,10276.07413302
2019-12-10,10573.32439194
2019-12-11,10382.83118742
2019-12-12,10223.58040339
2019-12-13,10365.34272778
2019-12-14,10341.61105016
2019-12-15,10317.29516037
2019-12-16,10181.58561639
2019-12-17,10234.67249093
2019-12-18,10283.16318597
2019-12-19,10202.71213476
2019-12-20,10215.44549025
2019-12-21,10215.44549025
2019-12-22,10169.38143502
2019-12-23,10208.92750705
2019-12-24,10013.02639668
2019-12-25,10008.71885776
2019-12-26,10048.89791963
2019-12-27,10246.11064726
2019-12-28,10246.11064726
2019-12-29,10294.34456612
2019-12-30,10214.54002449
2019-12-31,9859.31089191
2020-01-01,9966.89614319
2020-01-02,10077.0761841
2020-01-03,10193.24414281
2020-01-04,10193.24414281
2020-01-05,10051.9146173
2020-01-06,10035.93381982
2020-01-07,10001.5698305
2020-01-08,10024.40236966
2020-01-09,10195.90624195
2020-01-10,10147.41685179
2020-01-11,10147.41685179
2020-01-12,10163.95539072
2020-01-13,10177.20885623
2020-01-14,10065.53536297
2020-01-15,10064.91063237
2020-01-16,10078.52300311
2020-01-17,10130.47586968
2020-01-18,10130.47586968
2020-01-19,10118.20761579
2020-01-20,10133.85768857
2020-01-21,10340.49523636
2020-01-22,10428.67838491
2020-01-23,10474.20387652
2020-01-24,10501.25047621
2020-01-25,10501.25047621
2020-01-26,10618.19181886
2020-01-27,10612.69603125
2020-01-28,10312.8402298
2020-01-29,10299.97637194
2020-01-30,9953.0893644
2020-01-31,9498.30065011
2020-02-01,9498.30065011
2020-02-02,9535.18120193
2020-02-03,9630.34702038
2020-02-04,9806.13053823
2020-02-05,9860.53420921
2020-02-06,9872.76514669
2020-02-07,9944.20096522
2020-02-08,9944.20096522
2020-02-09,9728.56941872
2020-02-10,9744.29398517
2020-02-11,9753.52601744
2020-02-12,9446.93118075
2020-02-13,8806.69673384
2020-02-14,8348.65347127
2020-02-15,8348.65347127
2020-02-16,8389.77518614
2020-02-17,7287.05209293
2020-02-18,7239.18700019
2020-02-19,6748.83083636
2020-02-20,7074.95540599
2020-02-21,7108.44339473
2020-02-22,7108.44339473
2020-02-23,7111.9923909
2020-02-24,7738.736825
2020-02-25,8330.27562054
2020-02-26,8147.58320676
2020-02-27,8356.71392873
2020-02-28,8366.93599802
2020-02-29,8366.93599802
2020-03-01,8006.07350258
2020-03-02,8220.44703126
2020-03-03,8116.38974711
2020-03-04,8112.48199945
2020-03-05,8385.19440388
2020-03-06,8302.03030647
2020-03-07,8302.03030647
2020-03-08,8287.83315462
2020-03-09,8755.2133159
2020-03-10,8571.8762228
2020-03-11,8636.89112411
2020-03-12,8690.8409643
2020-03-13,8713.60707472
2020-03-14,8713.60707472
2020-03-15,8670.68695186
2020-03-16,8851.33386117
2020-03-17,8964.8328804
2020-03-18,8785.90824239
2020-03-19,8749.20938347
2020-03-20,8659.758315
2020-03-21,8659.758315
2020-03-22,8564.55284293
2020-03-23,8549.40945503
2020-03-24,8344.14244873
2020-03-25,8610.44038038
2020-03-26,8632.40923986
2020-03-27,8641.10833702
2020-03-28,8641.10833702
2020-03-29,8639.52378077
2020-03-30,8541.64403541
2020-03-31,8637.54657937
2020-04-01,8654.807694
2020-04-02,8516.44604593
2020-04-03,8502.51130389
2020-04-04,8502.51130389
2020-04-05,8453.35308026
2020-04-06,8418.7806457
2020-04-07,8531.67700917
2020-04-08,8532.19068031
2020-04-09,8694.00058538
2020-04-10,8812.8042574
2020-04-11,8812.8042574
2020-04-12,8844.63296845
2020-04-13,8824.77482658
2020-04-14,8796.75812736
2020-04-15,8809.36381645
2020-04-16,9137.26149022
2020-04-17,9455.71571354
2020-04-18,9455.71571354
2020-04-19,9770.83769261
2020-04-20,9729.24465745
2020-04-21,9985.31384049
2020-04-22,9799.19290458
2020-04-23,9616.22687685
2020-04-24,9797.40402691
2020-04-25,9797.40402691
2020-04-26,9746.17342059
2020-04-27,9903.6257846
2020-04-28,9729.64167333
2020-04-29,9851.3202712
2020-04-30,9925.91481106
2020-05-01,10166.90177307
2020-05-02,10166.90177307
2020-05-03,10342.34061457
2020-05-04,10354.27456083
2020-05-05,10132.61222936
2020-05-06,10008.10944276
2020-05-07,10052.97631653
2020-05-08,9893.93013116
2020-05-09,9893.93013116
2020-05-10,10118.63524665
2020-05-11,10169.18678717
2020-05-12,10213.90168499
2020-05-13,10365.10257678
2020-05-14,10160.87905842
2020-05-15,10122.3070638
2020-05-16,10122.3070638
2020-05-17,10112.68272545
2020-05-18,9962.64741012
2020-05-19,10058.9338695
2020-05-20,10092.60524642
2020-05-21,10032.33692832
2020-05-22,10150.01012187
2020-05-23,10150.01012187
2020-05-24,10357.13762651
2020-05-25,10151.50860558
2020-05-26,10309.48914331
2020-05-27,10225.21732934
2020-05-28,10260.14625652
2020-05-29,10291.47465562
2020-05-30,10291.47465562
2020-05-31,10347.50958681
2020-06-01,10398.18619613
2020-06-02,10571.09821556
2020-06-03,10356.05545795
2020-06-04,10495.66616453
2020-06-05,10499.87347329
2020-06-06,10499.87347329
2020-06-07,10430.73541633
2020-06-08,10597.89447994
2020-06-09,10666.72359146
2020-06-10,10883.6125354
2020-06-11,10860.26923378
2020-06-12,10908.1617375
2020-06-13,10912.50464922
2020-06-14,11018.05962951
2020-06-15,11092.18931928
2020-06-16,11213.6379639
2020-06-17,11249.59424238
2020-06-18,11097.90253597
2020-06-19,11265.36065992
2020-06-20,11265.36065992
2020-06-21,11237.59951337
2020-06-22,11826.75508907
2020-06-23,13006.05893618
2020-06-24,13080.33105165
2020-06-25,13153.81146634
2020-06-26,13234.7225734
2020-06-27,13234.7225734
2020-06-28,13840.29201405
2020-06-29,14187.93467934
2020-06-30,14123.72056773
2020-07-01,14042.68726722
2020-07-02,13760.68370182
2020-07-03,14243.73495211
2020-07-04,14243.73495211
2020-07-05,14321.31771055
2020-07-06,14202.99092059
2020-07-07,15069.4600162
2020-07-08,15816.46239244
2020-07-09,16604.09784453
2020-07-10,16687.84945198
2020-07-11,16732.13111183
2020-07-12,16558.01420187
2020-07-13,17138.07876616
2020-07-14,14367.49865931
2020-07-15,15343.84118314
2020-07-16,16203.72458243
2020-07-17,15735.28380306
2020-07-18,15735.28380306
2020-07-19,15604.6809578
2020-07-20,16488.5404196
2020-07-21,16412.51409211
2020-07-22,16155.18509176
2020-07-23,16271.13205503
2020-07-24,15887.22965909
2020-07-25,15887.22965909
2020-07-26,15729.88574765
2020-07-27,15927.71891088
2020-07-28,15649.40364431
2020-07-29,16094.98759995
2020-07-30,16223.81553099
2020-07-31,16379.25669599
2020-08-01,16379.25669599
2020-08-02,16692.76705098
2020-08-03,17023.68547918
2020-08-04,16710.27957429
2020-08-05,16496.0800503
2020-08-06,15866.31241283
2020-08-07,16043.87118721
2020-08-08,16043.87118721
2020-08-09,16130.42476739
2020-08-10,15979.43938897
2020-08-11,15911.72608992
2020-08-12,16140.26546344
2020-08-13,15961.8739888
2020-08-14,15946.29582271
2020-08-15,15946.29582271
2020-08-16,16037.47922605
2020-08-17,16314.68951329
2020-08-18,16318.40780379
2020-08-19,15983.56500513
2020-08-20,16059.55553816
2020-08-21,15948.91114114
2020-08-22,15948.91114114
2020-08-23,15986.54458047
2020-08-24,14755.95786575
2020-08-25,14350.99998944
2020-08-26,13278.15626324
2020-08-27,13800.39914003
2020-08-28,13686.52737316
2020-08-29,13686.52737316
2020-08-30,13811.1448022
2020-08-31,14213.81005788
2020-09-01,14395.22738395
2020-09-02,14199.48180382
2020-09-03,14295.94249163
2020-09-04,14308.7392174
2020-09-05,14308.7392174
2020-09-06,14335.96444078
2020-09-07,14625.42471668
2020-09-08,14186.05329701
2020-09-09,14326.15238607
2020-09-10,14655.17337916
2020-09-11,15168.94927037
2020-09-12,15168.94927037
2020-09-13,15282.08503358
2020-09-14,14889.40463801
2020-09-15,14579.68499036
2020-09-16,14536.6213374
2020-09-17,14647.28330767
2020-09-18,14569.56956944
2020-09-19,14569.56956944
2020-09-20,14585.24671737
2020-09-21,14766.89509845
2020-09-22,15087.75006088
2020-09-23,14948.93110391
2020-09-24,14855.72486202
2020-09-25,14836.57876368
2020-09-26,14836.57876368
2020-09-27,15277.21121128
2020-09-28,14775.00005541
2020-09-29,14691.67355839
2020-09-30,14155.5901769
2020-10-01,14295.54919573
2020-10-02,14335.82411315
2020-10-03,14335.82411315
2020-10-04,14563.94755948
2020-10-05,14626.70953385
2020-10-06,15171.61147695
2020-10-07,15649.40552247
2020-10-08,15649.40552247
2020-10-09,15790.37008937
2020-10-10,14836.3506346
2020-10-11,14934.84369129
2020-10-12,14884.19652343
2020-10-13,14845.73296003
2020-10-14,15159.56040161
2020-10-15,15159.56040161
2020-10-16,15315.55193648
2020-10-17,15124.88226361
2020-10-18,14972.71356322
2020-10-19,14821.61223257
2020-10-20,14718.85947301
2020-10-21,14722.30157293
2020-10-22,14722.30157293
2020-10-23,14704.05938374
2020-10-24,14190.37755115
2020-10-25,13910.58869823
2020-10-26,13995.46481095
2020-10-27,13967.14942279
2020-10-28,13684.43966451
2020-10-29,13684.43966451
2020-10-30,13252.50598459
2020-10-31,13851.49837076
2020-11-01,14200.68974805
2020-11-02,14440.76932291
2020-11-03,14494.26848073
2020-11-04,14560.80011544
2020-11-05,14560.80011544
2020-11-06,14518.80699942
2020-11-07,14870.50268234
2020-11-08,14622.09441539
2020-11-09,14439.57705612
2020-11-10,14391.87539603
2020-11-11,14376.8828065
2020-11-12,14376.8828065
2020-11-13,14474.14231642
2020-11-14,14538.3016048
2020-11-15,15014.95508188
2020-11-16,15308.21802413
2020-11-17,15652.41730607
2020-11-18,15641.43566224
2020-11-19,15641.43566224
2020-11-20,16188.02689404
2020-11-21,15915.59349866
2020-11-22,15436.28747345
2020-11-23,15608.96634214
2020-11-24,15706.47813066
2020-11-25,15706.47813066
2020-11-26,15706.47813066
2020-11-27,16155.72689109
2020-11-28,16012.81344891
2020-11-29,16046.25045991
2020-11-30,16056.96547495
2020-12-01,16102.09945988
2020-12-02,16102.09945988
2020-12-03,16102.09945988
2020-12-04,16551.84681022
2020-12-05,16734.47012701
2020-12-06,16668.81021938
2020-12-07,16584.64980065
2020-12-08,16564.74273128
2020-12-09,15608.39536645
2020-12-10,15641.19303099
2020-12-11,15236.23311907
2020-12-12,15456.79958067
2020-12-13,15724.23478003
2020-12-14,15471.12074802
2020-12-15,15683.02211946
2020-12-16,15152.17960412
2020-12-17,15204.65405395
2020-12-18,17536.20047649
2020-12-19,17430.97357798
2020-12-20,16578.70035323
2020-12-21,16287.21043257
2020-12-22,16125.13447951
2020-12-23,16500.82857158
2020-12-24,16500.82857158
2020-12-25,16442.50441008
2020-12-26,16797.41743288
2020-12-27,16767.74815711
2020-12-28,16440.08474144
2020-12-29,16491.59428607
2020-12-30,16731.29665178
2020-12-31,16822.43351449
2021-01-01,16688.10968514
2021-01-02,16714.34319844
2021-01-03,16805.29358469
2021-01-04,17191.90298609
2021-01-05,16962.32693787
2021-01-06,17124.34357432
2021-01-07,16742.91360335
2021-01-08,16319.38318289
2021-01-09,16319.38318289
2021-01-10,16491.72494375
2021-01-11,15994.034502
2021-01-12,16372.20204303
2021-01-13,15975.62061884
2021-01-14,15468.03473652
2021-01-15,15452.17662135
2021-01-16,15452.17662135
2021-01-17,15681.48127481
2021-01-18,15562.36189969
2021-01-19,15803.19223599
2021-01-20,16026.91848639
2021-01-21,15861.85554423
2021-01-22,15821.68243143
2021-01-23,15821.68243143
2021-01-24,15860.00917099
2021-01-25,15984.76807638
2021-01-26,15847.87368883
2021-01-27,16138.8368278
2021-01-28,15876.49102364
2021-01-29,16029.07815917
2021-01-30,16029.07815917
2021-01-31,15765.03933717
2021-02-01,15626.36384024
2021-02-02,15391.22272809
2021-02-03,15374.12398864
2021-02-04,15352.73131416
2021-02-05,15345.41678575
2021-02-06,15345.41678575
2021-02-07,15230.57600666
2021-02-08,15071.49891318
2021-02-09,14634.07647691
2021-02-10,14952.59495351
2021-02-11,15280.57009524
2021-02-12,15280.57009524
2021-02-13,15280.57009524
2021-02-14,15240.91232233
2021-02-15,15256.63767466
2021-02-16,15305.01469618
2021-02-17,15412.77119377
2021-02-18,15546.39567934
2021-02-19,15454.1462721
2021-02-20,15442.6062448
2021-02-21,15386.17979103
2021-02-22,15235.80085368
2021-02-23,15570.84789801
2021-02-24,15590.75995806
2021-02-25,15820.64472258
2021-02-26,15920.60471463
2021-02-27,15929.81998428
2021-02-28,15859.71732911
2021-03-01,15933.63478824
2021-03-02,15897.99421256
2021-03-03,16274.81048616
2021-03-04,16065.33335646
2021-03-05,15980.4579158
2021-03-06,15980.4579158
2021-03-07,15924.85165356
2021-03-08,16079.63310257
2021-03-09,16007.29178198
2021-03-10,16155.54868779
2021-03-11,16011.3534732
2021-03-12,16001.23285079
2021-03-13,16001.23285079
2021-03-14,16130.40964502
2021-03-15,16497.9384992
2021-03-16,16376.63695968
2021-03-17,16318.27077856
2021-03-18,16902.77512803
2021-03-19,16921.34707274
2021-03-20,16921.34707274
2021-03-21,16935.19119315
2021-03-22,16900.70581041
2021-03-23,16845.4851037
2021-03-24,16687.31657296
2021-03-25,16592.39459889
2021-03-26,16901.48101652
2021-03-27,16901.48101652
2021-03-28,17000.61349049
2021-03-29,17484.01826033
2021-03-30,17235.63820722
2021-03-31,17098.4439098
2021-04-01,17081.7503621
2021-04-02,17030.08165341
2021-04-03,17030.08165341
2021-04-04,17123.16882567
2021-04-05,17076.69561698
2021-04-06,17420.88493152
2021-04-07,17098.84880886
2021-04-08,17162.20642733
2021-04-09,17253.65395181
2021-04-10,17253.65395181
2021-04-11,17329.0810239
2021-04-12,17415.2169747
2021-04-13,17190.91916839
2021-04-14,17350.12292897
2021-04-15,16959.57038428
2021-04-16,17220.33194845
2021-04-17,17220.33194845
2021-04-18,17043.74147294
2021-04-19,17221.58143762
2021-04-20,17128.72888539
2021-04-21,17191.00985619
2021-04-22,17368.58689363
2021-04-23,17301.19164648
2021-04-24,17301.19164648
2021-04-25,17296.58035267
2021-04-26,17112.01165864
2021-04-27,17138.80109566
2021-04-28,16765.1152492
2021-04-29,16192.95870886
2021-04-30,15935.6715006
2021-05-01,15935.6715006
2021-05-02,16029.9891302
2021-05-03,16081.3082391
2021-05-04,16030.98483469
2021-05-05,16073.32845329
2021-05-06,16170.48848219
2021-05-07,16180.68016167
2021-05-08,16191.72559718
2021-05-09,16186.01469178
2021-05-10,16122.38130379
2021-05-11,16014.48509136
2021-05-12,16257.25787464
2021-05-13,16164.60393802
2021-05-14,16404.58950844
2021-05-15,16404.58950844
2021-05-16,16402.34878317
2021-05-17,16490.07513575
2021-05-18,16254.89340277
2021-05-19,16115.48821744
2021-05-20,16070.49528272
2021-05-21,16202.60798433
2021-05-22,16178.59644585
2021-05-23,16152.24844678
2021-05-24,16287.75261519
2021-05-25,16143.45183189
2021-05-26,16287.0871062
2021-05-27,16348.14155608
2021-05-28,15909.29812479
2021-05-29,15904.06009781
2021-05-30,15818.15503374
2021-05-31,15599.17750368
2021-06-01,15445.13035788
2021-06-02,15588.17480724
2021-06-03,15742.04884958
2021-06-04,15608.69227495
2021-06-05,15600.88632813
2021-06-06,15670.3147557
2021-06-07,15601.43670324
2021-06-08,15374.21161926
2021-06-09,15579.78183251
2021-06-10,15849.97363814
2021-06-11,15796.3711188
2021-06-12,15796.3711188
2021-06-13,15845.96370459
2021-06-14,15757.98512284
2021-06-15,15921.89765481
2021-06-16,15787.28293771
2021-06-17,15610.83688634
2021-06-18,15091.5655589
2021-06-19,15145.84428459
2021-06-20,14878.20367413
2021-06-21,14683.12175773
2021-06-22,14577.92520067
2021-06-23,14532.24099191
2021-06-24,14481.79388973
2021-06-25,14752.26119922
2021-06-26,14752.26119922
2021-06-27,14651.14962987
2021-06-28,14840.41151893
2021-06-29,14743.20691104
2021-06-30,14396.48029446
2021-07-01,14439.07411521
2021-07-02,14296.54793295
2021-07-03,14270.59361976
2021-07-04,14385.21727306
2021-07-05,14616.04102035
2021-07-06,14703.17930724
2021-07-07,14743.81876819
2021-07-08,14710.06778525
2021-07-09,14931.39811347
2021-07-10,14931.39811347
2021-07-11,14911.55336132
2021-07-12,14958.02884375
2021-07-13,14902.55125678
2021-07-14,14981.71524794
2021-07-15,14904.12166441
2021-07-16,15423.1062058
2021-07-17,15423.1062058
2021-07-18,15439.89252192
2021-07-19,15389.46833292
2021-07-20,15184.4296591
2021-07-21,14946.17067541
2021-07-22,15099.31285015
2021-07-23,14818.93506491
2021-07-24,14818.93506491
2021-07-25,14860.91638941
2021-07-26,14754.34343987
2021-07-27,14849.5537128
2021-07-28,14894.01341751
2021-07-29,14342.62365521
2021-07-30,14002.84538468
2021-07-31,14002.84538468
2021-08-01,13912.2919349
2021-08-02,13884.4401811
2021-08-03,14240.31942464
2021-08-04,14178.84372641
2021-08-05,14142.50329028
2021-08-06,14010.13595739
2021-08-07,14010.13595739
2021-08-08,14168.93475929
2021-08-09,14168.55880703
2021-08-10,14078.99359179
2021-08-11,13567.97220989
2021-08-12,13820.93713424
2021-08-13,14104.13499932
2021-08-14,14104.13499932
2021-08-15,14095.92105558
2021-08-16,14053.48031409
2021-08-17,14068.36201436
2021-08-18,14098.05979915
2021-08-19,14078.84429166
2021-08-20,14195.08610986
2021-08-21,14185.2029495
2021-08-22,14218.22438346
2021-08-23,14162.20979621
2021-08-24,14207.35796622
2021-08-25,14345.8692839
2021-08-26,14781.23047087
2021-08-27,14647.08938664
2021-08-28,14647.08938664
2021-08-29,14690.36657859
2021-08-30,14704.15599651
2021-08-31,14972.26681141
2021-09-01,15285.68996943
2021-09-02,15224.51964048
2021-09-03,15284.90520668
2021-09-04,15281.10861219
2021-09-05,15377.37437953
2021-09-06,15380.14531313
2021-09-07,15171.89455812
2021-09-08,15148.19078742
2021-09-09,15070.00387883
2021-09-10,15242.95606451
2021-09-11,15242.95606451
2021-09-12,15312.12595471
2021-09-13,15243.71830696
2021-09-14,15004.83524011
2021-09-15,15026.18421882
2021-09-16,15218.81420924
2021-09-17,15473.80694561
2021-09-18,15473.80694561
2021-09-19,15509.31580488
2021-09-20,15603.20000349
2021-09-21,15598.00358466
2021-09-22,15959.00262885
2021-09-23,16200.00449575
2021-09-24,16267.39983547
2021-09-25,16267.39983547
2021-09-26,16022.98678575
2021-09-27,16170.22423278
2021-09-28,16040.21164312
2021-09-29,16027.87243969
2021-09-30,15937.45964368
2021-10-01,15745.14995824
2021-10-02,15745.14995824
2021-10-03,15847.48424106
2021-10-04,15610.76639211
2021-10-05,15076.97556745
2021-10-06,15143.06336604
2021-10-07,15105.69099518
2021-10-08,14805.52601487
2021-10-09,14805.52601487
2021-10-10,14949.56175672
2021-10-11,14391.73459646
2021-10-12,14373.89787407
2021-10-13,14064.85013617
2021-10-14,14140.27495105
2021-10-15,14167.14440638
2021-10-16,14161.3258986
2021-10-17,14157.09700935
2021-10-18,14049.8874047
2021-10-19,14223.12229336
2021-10-20,14164.03222352
2021-10-21,14083.14109669
2021-10-22,14151.55839457
2021-10-23,14098.03184199
2021-10-24,14157.302668
2021-10-25,14181.44074226
2021-10-26,14040.06312063
2021-10-27,14104.64764707
2021-10-28,14302.49214817
2021-10-29,14274.47970792
2021-10-30,14372.98234316
2021-10-31,14366.34738767
2021-11-01,14192.28450958
2021-11-02,14368.90234415
2021-11-03,14592.54986942
2021-11-04,14783.91982913
2021-11-05,14681.32478626
2021-11-06,14681.32478626
2021-11-07,14669.38094355
2021-11-08,14770.10121007
2021-11-09,14837.17440043
2021-11-10,14516.4012127
2021-11-11,14831.70909531
2021-11-12,14948.61873627
2021-11-13,14948.61873627
2021-11-14,14821.71300584
2021-11-15,14688.9408468
2021-11-16,14733.8173574
2021-11-17,14542.2002917
2021-11-18,14234.87086744
2021-11-19,14366.50836251
2021-11-20,14294.79072157
2021-11-21,14234.53843883
2021-11-22,14443.21017341
2021-11-23,14567.91268451
2021-11-24,14754.81618863
2021-11-25,14783.99699828
2021-11-26,14617.11382448
2021-11-27,14617.11382448
2021-11-28,14718.24242504
2021-11-29,14526.45918086
2021-11-30,14950.46084859
2021-12-01,15292.45041064
2021-12-02,15536.73672266
2021-12-03,15424.25098766
2021-12-04,15424.25098766
2021-12-05,15333.03504788
2021-12-06,15092.83408829
2021-12-07,15074.61000599
2021-12-08,14991.90307673
2021-12-09,14569.65367157
2021-12-10,14392.94827073
2021-12-11,14380.94753801
2021-12-12,14257.3908681
2021-12-13,14326.18793838
2021-12-14,14530.38172266
2021-12-15,14578.60970002
2021-12-16,14251.95717425
2021-12-17,14494.37040733
2021-12-18,14494.37040733
2021-12-19,14536.86191444
2021-12-20,14513.75794774
2021-12-21,14493.91959822
2021-12-22,14493.71755878
2021-12-23,14512.79035746
2021-12-24,14476.96340327
2021-12-25,14533.14686257
2021-12-26,15206.46191356
2021-12-27,15327.9859622
2021-12-28,14921.12608396
2021-12-29,15043.00067811
2021-12-30,15187.26809352
2021-12-31,15317.30063567
2022-01-01,15317.30063567
2022-01-02,15230.24128953
2022-01-03,15504.34106571
2022-01-04,15460.88487911
2022-01-05,15927.53683899
2022-01-06,15543.85038513
2022-01-07,15514.25208502
2022-01-08,15514.25208502
2022-01-09,15606.80881638
2022-01-10,15599.18362275
2022-01-11,16165.39057965
2022-01-12,16176.88664207
2022-01-13,16183.86734632
2022-01-14,16618.68628372
2022-01-15,16618.68628372
2022-01-16,16873.83736151
2022-01-17,16437.65199254
2022-01-18,16923.50337819
2022-01-19,16493.05069382
2022-01-20,16790.70886112
2022-01-21,16737.15406132
2022-01-22,16737.15406132
2022-01-23,16858.55497544
2022-01-24,16075.22939232
2022-01-25,15993.88223341
2022-01-26,16132.87804301
2022-01-27,16067.44870456
2022-01-28,15996.00178697
2022-01-29,15996.00178697
2022-01-30,16060.00144084
2022-01-31,16355.81475023
2022-02-01,16042.30052254
2022-02-02,16196.87895563
2022-02-03,16735.31077751
2022-02-04,16653.59220579
2022-02-05,16694.34502306
2022-02-06,16472.31762137
2022-02-07,16318.11780852
2022-02-08,16277.42602913
2022-02-09,16065.80192003
2022-02-10,16301.19900982
2022-02-11,16146.25720017
2022-02-12,16164.84541366
2022-02-13,16147.18232546
2022-02-14,16276.90950737
2022-02-15,16110.93886532
2022-02-16,15930.69209241
2022-02-17,16173.49861782
2022-02-18,16268.74889195
2022-02-19,16268.74889195
2022-02-20,16217.434325
2022-02-21,16545.15329122
2022-02-22,16702.39192752
2022-02-23,16802.31077449
2022-02-24,16875.51285831
2022-02-25,16878.80431528
2022-02-26,16878.80431528
2022-02-27,16994.46504438
2022-02-28,17025.79126878
2022-03-01,16316.56001651
2022-03-02,16376.0287595
2022-03-03,16115.4014806
2022-03-04,15878.11842036
2022-03-05,15930.73829166
2022-03-06,15627.25879428
2022-03-07,15644.52612523
2022-03-08,15638.43144328
2022-03-09,15658.65383373
2022-03-10,15524.23190734
2022-03-11,15546.62308873
2022-03-12,15546.62308873
2022-03-13,15033.91063214
2022-03-14,14947.44505951
2022-03-15,15013.22240357
2022-03-16,15270.85648773
2022-03-17,14913.58321925
2022-03-18,14850.77055755
2022-03-19,14850.77055755
2022-03-20,14897.20787905
2022-03-21,14635.1794522
2022-03-22,14406.55272393
2022-03-23,14321.37153924
2022-03-24,13947.39559397
2022-03-25,14125.28820571
2022-03-26,14125.28820571
2022-03-27,14030.47210149
2022-03-28,14493.55036642
2022-03-29,14409.39652837
2022-03-30,14343.10857565
2022-03-31,14677.04800388
2022-04-01,14611.99175102
2022-04-02,14611.99175102
2022-04-03,14696.19566695
2022-04-04,14611.77158738
2022-04-05,14826.38659651
2022-04-06,14609.49002979
2022-04-07,14873.39462494
2022-04-08,14893.42571615
2022-04-09,14893.42571615
2022-04-10,14970.99400035
2022-04-11,14795.94187225
2022-04-12,14462.56663567
2022-04-13,14890.47095177
2022-04-14,15170.03044014
2022-04-15,14978.82757936
2022-04-16,15002.81883728
2022-04-17,15236.27063689
2022-04-18,15086.17946427
2022-04-19,15063.81745351
2022-04-20,15092.71148117
2022-04-21,14753.51039037
2022-04-22,15036.53433235
2022-04-23,15036.53433235
2022-04-24,15023.33686913
2022-04-25,14568.84709059
2022-04-26,14430.60225164
2022-04-27,14843.68354456
2022-04-28,14949.5088778
2022-04-29,14816.90632813
2022-04-30,14850.4444695
2022-05-01,14890.20073733
2022-05-02,14855.88279272
2022-05-03,14677.15404293
2022-05-04,14651.16955367
2022-05-05,14539.58586351
2022-05-06,14628.54376661
2022-05-07,14628.54376661
2022-05-08,14757.93129004
2022-05-09,14644.47529099
2022-05-10,14413.07834607
2022-05-11,14337.58465997
2022-05-12,13787.14841093
2022-05-13,13624.48140978
2022-05-14,13624.48140978
2022-05-15,13662.51475477
2022-05-16,13885.42926875
2022-05-17,13156.41130336
2022-05-18,13312.53408907
2022-05-19,13192.46562411
2022-05-20,13264.87854042
2022-05-21,13264.87854042
2022-05-22,13253.87620214
2022-05-23,13172.71275236
2022-05-24,13010.5386911
2022-05-25,13189.34838772
2022-05-26,12575.21504889
2022-05-27,12777.59807108
2022-05-28,12752.61226459
2022-05-29,12828.18118484
2022-05-30,12806.94583335
2022-05-31,12874.85657068
2022-06-01,12651.99951129
2022-06-02,12650.35702984
2022-06-03,12560.89602247
2022-06-04,12515.37638924
2022-06-05,12486.6943358
2022-06-06,12441.19331122
2022-06-07,12492.18265862
2022-06-08,12872.62365274
2022-06-09,13448.19549624
2022-06-10,13630.18420295
2022-06-11,13630.18420295
2022-06-12,13486.4148688
2022-06-13,13449.62277954
2022-06-14,13363.73005506
2022-06-15,13422.85452626
2022-06-16,13522.59649794
2022-06-17,13293.2221954
2022-06-18,13355.87486861
2022-06-19,13378.64927132
2022-06-20,13820.73599473
